term,freq,flag,category
flood,106,1,T01
fire,96,1,T01
earthquake,43,1,T01
wildfire,38,1,T01
hit,33,1,T01
disaster,30,1,T01
quake,28,1,T01
rain,21,0,T01
magnitude,20,0,T01
flash,19,0,T01
typhoon,18,1,T01
police,18,1,T01
strike,17,1,T01
evacuation,17,1,T01
update,17,0,T01
toll,15,1,T01
water,15,0,T01
warning,15,1,T01
tsunami,13,1,T01
storm,13,1,T01
haze,13,1,T01
expect,12,0,T01
#earthquake,12,1,T01
continue,11,0,T01
situation,11,0,T01
explosion,11,1,T01
smoke,11,0,T01
bush,11,0,T01
call,10,0,T01
report,10,1,T01
meteor,10,0,T01
burn,10,1,T01
crash,10,1,T01
destroy,10,1,T01
area,10,0,T01
aftershock,10,1,T01
emergency,10,1,T01
confirm,9,0,T01
danger,9,1,T01
river,9,0,T01
trigger,9,0,T01
alert,8,1,T01
resident,8,0,T01
#highparkfire,8,1,T01
control,8,1,T01
zone,8,0,T01
rainfall,8,0,T01
death,8,0,T01
helicopter,8,0,T01
measure,8,0,T01
advisory,8,0,T01
thousand,7,0,T01
threat,7,1,T01
monsoon,7,0,T01
train,7,0,T01
record,7,0,T01
building,7,0,T01
torrential,7,0,T01
usgs,7,0,T01
rise,7,0,T01
force,7,0,T01
power,7,0,T01
crisis,6,1,T01
level,6,0,T01
official,6,0,T01
declare,6,0,T01
haiyan,6,0,T01
ravage,6,1,T01
#NAME?,6,0,T01
oil,6,0,T01
community,6,0,T01
threaten,6,1,T01
rock,6,0,T01
condition,6,0,T01
plant,6,0,T01
start,5,0,T01
leave,5,0,T01
wind,5,0,T01
#quake,5,0,T01
blaze,5,0,T01
victim,5,1,T01
#wildfire,5,0,T01
rattle,5,1,T01
shake,5,1,T01
containment,5,0,T01
news,5,0,T01
rag,5,1,T01
assistance,5,0,T01
search,5,0,T01
home,5,0,T01
tragedy,5,0,T01
killer,5,1,T01
weather,4,0,T01
#flood,4,1,T01
lax,4,0,T01
bomb,4,1,T01
shooter,4,1,T01
collapse,4,1,T01
light,4,0,T01
fertilizer,4,0,T01
landslide,4,0,T01
ban,4,1,T01
havoc,4,1,T01
#rescueph,4,0,T01
island,4,0,T01
kill,4,0,T01
order,4,1,T01
number,4,0,T01
blast,4,1,T01
#fire,4,1,T01
issue,4,0,T01
approach,4,0,T01
head,4,0,T01
firefighter,4,1,T01
officials,4,0,T01
size,4,0,T01
authority,4,0,T01
survivor,4,1,T01
thunderstorm,4,1,T01
rage,3,1,T01
government,3,0,T01
break,3,0,T01
tremor,3,1,T01
shooting,3,1,T01
contact,3,0,T01
fight,3,1,T01
recede,3,1,T01
decade,3,0,T01
sign,3,0,T01
downpour,3,0,T01
rescue,3,1,T01
double,3,0,T01
contain,3,0,T01
outage,3,1,T01
#tsunami,3,1,T01
acre,3,0,T01
#breaking,3,0,T01
explode,3,1,T01
wreak,3,1,T01
recovery,3,1,T01
map,3,0,T01
spread,3,0,T01
urge,3,0,T01
shoot,3,1,T01
phone,3,0,T01
info,3,0,T01
battle,3,1,T01
coverage,3,0,T01
evacuate,3,1,T01
return,3,0,T01
risk,3,1,T01
experience,3,0,T01
turn,3,0,T01
ground,3,0,T01
impact,3,0,T01
lift,3,0,T01
prompt,3,0,T01
wildfires,3,1,T01
travel,3,0,T01
damage,3,1,T01
attack,3,1,T01
problem,3,0,T01
accident,3,1,T01
ask,3,0,T01
watch,3,0,T01
signal,3,0,T01
tornado,3,1,T01
safety,3,1,T01
picture,3,0,T01
helpline,3,1,T01
reach,3,0,T01
remain,3,0,T01
line,3,0,T01
road,3,0,T01
suspect,3,1,T01
move,3,0,T01
islands,3,0,T01
spill,3,1,T01
heat,3,0,T01
concern,3,0,T01
prepare,3,0,T01
chemical,2,0,T01
sea,2,0,T01
coast,2,0,T01
blow,2,0,T01
notice,2,0,T01
fragment,2,0,T01
limit,2,0,T01
#flagstafffire,2,0,T01
climb,2,0,T01
security,2,1,T01
trap,2,0,T01
blue,2,0,T01
country,2,0,T01
caution,2,1,T01
shut,2,0,T01
near,2,0,T01
#jkiafire,2,0,T01
chopper,2,1,T01
sweep,2,0,T01
suspend,2,1,T01
tip,2,0,T01
fear,2,0,T01
photo,2,0,T01
costa,2,0,T01
preparedness,2,0,T01
end,2,0,T01
#waldofire,2,0,T01
wildfile,2,0,T01
cyclone,2,1,T01
jump,2,0,T01
rifle,2,1,T01
#fires,2,1,T01
devastation,2,1,T01
need,2,0,T01
prelim,2,0,T01
clean-up,2,0,T01
village,2,0,T01
destruction,2,1,T01
place,2,0,T01
authorities,2,0,T01
debris,2,1,T01
snake,2,0,T01
advise,2,0,T01
epicentre,2,1,T01
emerge,2,0,T01
wave,2,0,T01
erupt,2,1,T01
springs,2,0,T01
activity,2,0,T01
struggle,2,0,T01
relief,2,1,T01
dump,2,1,T01
grow,2,0,T01
wind-driven,2,0,T01
smell,2,0,T01
injure,2,1,T01
flatten,2,1,T01
wash,2,0,T01
family,2,0,T01
tide,2,1,T01
scene,2,0,T01
shower,2,0,T01
flooding,2,1,T01
bring,2,0,T01
open,2,0,T01
#earthquakeph,2,1,T01
pound,2,0,T01
centre,2,0,T01
strength,2,0,T01
army,2,1,T01
school,2,0,T01
response,2,0,T01
center,2,0,T01
event,2,0,T01
chaos,2,1,T01
close,2,0,T01
deal,2,0,T01
refinery,2,0,T01
land,2,0,T01
mountains,2,0,T01
bushfires,2,1,T01
top,2,0,T01
flame,2,0,T01
#reliefph,2,0,T01
raise,2,0,T01
high,2,0,T01
#flooding,2,1,T01
worsen,2,0,T01
hazard,2,1,T01
worsens,2,0,T01
traffic,2,0,T01
tank,2,0,T01
peak,2,0,T01
delay,2,0,T01
incident,2,1,T01
hand,2,0,T01
path,2,0,T01
sudden,2,0,T01
town,2,0,T01
mb,2,0,T01
ton,2,0,T01
action,2,0,T01
bushfire,2,1,T01
rica,2,0,T01
sprinkler,2,1,T01
require,2,0,T01
rainstorm,2,1,T01
harm,2,1,T01
forecast,2,0,T01
release,2,0,T01
advice,2,1,T01
mile,2,0,T01
cancel,2,0,T01
carry,2,0,T01
floods,2,1,T01
waters,2,0,T01
monster,2,0,T01
twitter,2,0,T01
displace,2,0,T01
part,1,0,T01
evacuee,1,0,T01
bulletin,1,0,T01
@colorado,1,0,T01
converge,1,0,T01
plane,1,0,T01
blanket,1,0,T01
scientist,1,0,T01
nnw,1,0,T01
appeal,1,0,T01
storms/flooding,1,1,T01
#rains,1,1,T01
neighbourhood,1,0,T01
kiling,1,1,T01
reveal,1,0,T01
#haiyan,1,0,T01
hundred,1,0,T01
hurricane-force,1,1,T01
strand,1,0,T01
aid,1,1,T01
policy,1,0,T01
sand,1,0,T01
flagstaff,1,0,T01
smudge,1,1,T01
philippines,1,0,T01
rip,1,0,T01
breathe,1,0,T01
#cofires,1,1,T01
bloody,1,1,T01
gunfire,1,1,T01
#bushfire,1,1,T01
pouring,1,0,T01
mindanao,1,0,T01
dept,1,0,T01
chance,1,0,T01
hypnosis,1,0,T01
list,1,0,T01
#disaster,1,1,T01
offer,1,0,T01
tracker,1,0,T01
#littlesandfire,1,1,T01
air,1,0,T01
#scary,1,0,T01
escape,1,1,T01
cause,1,0,T01
waldo,1,0,T01
maintain,1,0,T01
gas,1,0,T01
amends,1,0,T01
burglar,1,1,T01
litre,1,0,T01
gunman,1,1,T01
#victim,1,0,T01
north,1,0,T01
stay,1,0,T01
shut-off,1,0,T01
#evac,1,0,T01
derail,1,0,T01
appear,1,0,T01
attraction,1,0,T01
fog,1,0,T01
#eartquake,1,1,T01
#tourist,1,0,T01
house,1,0,T01
choke,1,1,T01
ricther,1,0,T01
nightclub,1,0,T01
canyon,1,1,T01
#boulderfire,1,1,T01
briefing,1,0,T01
plan,1,0,T01
deteriorate,1,1,T01
worsening,1,1,T01
passenger,1,0,T01
boulder,1,0,T01
barrier,1,0,T01
hotline,1,1,T01
direction,1,0,T01
rain/flooding,1,1,T01
record-high,1,0,T01
avoid,1,0,T01
piece,1,0,T01
park,1,0,T01
indoors,1,0,T01
mountain,1,0,T01
arsonist,1,1,T01
suspension,1,1,T01
#ph,1,0,T01
unfold,1,0,T01
#extinguish,1,0,T01
#fracking,1,1,T01
#visayasquake,1,1,T01
richter,1,0,T01
@coemergency,1,1,T01
conference,1,0,T01
inspect,1,0,T01
metro,1,0,T01
severity,1,1,T01
gallery,1,0,T01
potential,1,0,T01
texting,1,0,T01
rcmp,1,0,T01
vehicle,1,0,T01
arson,1,0,T01
flood-prone,1,1,T01
torrent,1,0,T01
manager,1,0,T01
smokey,1,1,T01
consume,1,0,T01
minacciata,1,0,T01
suffer,1,0,T01
reservation,1,0,T01
tourist,1,0,T01
volcano,1,1,T01
#cofire,1,1,T01
region,1,0,T01
@bbcbreaking,1,1,T01
homeowner,1,0,T01
comet,1,0,T01
function,1,0,T01
scammer,1,1,T01
#waldocanyonfire,1,1,T01
#nswfires,1,1,T01
growth,1,0,T01
environment,1,0,T01
#shocking,1,1,T01
create,1,0,T01
category,1,0,T01
preparation,1,0,T01
play,1,0,T01
hotlines,1,1,T01
shot,1,1,T01
model,1,0,T01
text,1,0,T01
@breakingnews,1,1,T01
press,1,0,T01
client,1,0,T01
back,1,0,T01
sized,1,0,T01
philippine,1,0,T01
estimate,1,0,T01
department,1,0,T01
#coloradowildfires,1,1,T01
#spencerfire,1,1,T01
monitoring,1,1,T01
#storm,1,1,T01
terrorize,1,1,T01
fan,1,0,T01
awaken,1,0,T01
operation,1,0,T01
shockwave,1,1,T01
exceed,1,0,T01
ship,1,0,T01
car,1,0,T01
surge,1,1,T01
fiamme,1,1,T01
collection,1,0,T01
detonate,1,1,T01
imagery,1,0,T01
child,1,0,T01
radiation,1,1,T01
gov't,1,0,T01
major,1,0,T01
complain,1,0,T01
leap,1,0,T01
devastate,1,1,T01
evacuat,1,1,T01
temp,1,0,T01
capital,1,0,T01
sky,1,0,T01
deepen,1,0,T01
@breakingphxnews,1,0,T01
smash,1,0,T01
tell,1,0,T01
roof,1,0,T01
night's,1,0,T01
protocol,1,0,T01
minute,1,0,T01
mix,1,0,T01
#typhoonhaiyan,1,0,T01
#littlesandf,1,0,T01
infrastructure,1,0,T01
clue,1,0,T01
flight,1,0,T01
count,1,0,T01
pour,1,0,T01
flood-affected,1,1,T01
floods/bushfires,1,1,T01
refrigerator,1,0,T01
gust,1,0,T01
fury,1,0,T01
virus,1,1,T01
reduce,1,0,T01
intensify,1,0,T01
#cebuearthquake,1,1,T01
space,1,0,T01
clothes,1,0,T01
lapd,1,0,T01
orange,1,0,T01
summer,1,0,T01
reopen,1,0,T01
#visayanearthquake,1,0,T01
subside,1,1,T01
team,1,0,T01
#statelinefire,1,0,T01
#earthquakes,1,0,T01
set,1,0,T01
flood-triggered,1,1,T01
drift,1,0,T01
pull,1,0,T01
request,1,0,T01
perimeter,1,0,T01
west-end,1,0,T01
season,1,0,T01
#springerfire,1,0,T01
resume,1,1,T01
rampage,1,0,T01
dozen,1,0,T01
friday,1,0,T01
foreshore,1,0,T01
texas,1,0,T01
epicenter,1,0,T01
link,1,0,T01
#bigelkmeadowsfire,1,0,T01
siren,1,1,T01
time,1,0,T01
amuay,1,0,T01
#abflood,1,1,T01
business,1,0,T01
inundates,1,1,T01
year,1,0,T01
highway,1,0,T01
@newearthquake,1,0,T01
emano,1,0,T01
wild,1,0,T01
class,1,0,T01
governor,1,0,T01
sw,1,0,T01
#haze,1,0,T01
source,1,0,T01
felt,1,0,T01
inferno,1,0,T01
discuss,1,0,T01
fire-fighting,1,0,T01
hospital,1,0,T01
come,1,0,T01
relative,1,0,T01
billow,1,0,T01
#accidents,1,0,T01
oil/gas,1,0,T01
deer,1,0,T01
loss,1,0,T01
night,1,0,T01
quake-stricken,1,0,T01
west,1,0,T01
#colorado,1,0,T01
word,1,0,T01
bopha/pablo,1,0,T01
arrival,1,0,T01
orchard,1,0,T01
customer,1,0,T01
fatality,1,0,T01
#coloradofires,1,0,T01
#meteor,1,0,T01
#blackouts,1,0,T01
bombing,1,1,T01
firefighting,1,1,T01
batter,1,1,T01
#treasurefire,1,0,T01
#fireseason,1,0,T01
claim,1,0,T01
nile,1,0,T01
devasting,1,0,T01
awareness,1,0,T01
occur,1,0,T01
meteorite,1,0,T01
rain&flood,1,0,T01
manila,1,0,T01
sound,1,0,T01
distress,1,0,T01
thunder,1,1,T01
male,1,0,T01
cover,1,0,T01
hitted,1,0,T01
emission,1,0,T01
mud,1,1,T01
neutralize,1,0,T01
temblor,1,0,T01
support,1,0,T01
grill,1,0,T01
tropical,1,0,T01
record-smashing,1,0,T01
activate,1,0,T01
@cbcalerts,1,1,T01
million,1,0,T01
#flagstaff,1,0,T01
charcoal,1,0,T01
prepping,1,0,T01
magnitude-,1,0,T01
crime,1,1,T01
grassfire,1,1,T01
scale,1,0,T01
flag,1,0,T01
city,1,0,T01
front,1,0,T01
county,1,0,T01
cleanup,1,0,T01
close-up,1,0,T01
tv,1,0,T01
citizen,1,0,T01
quality,1,0,T01
burning,1,1,T01
telethon,1,0,T01
pacific,1,0,T01
#earhquake,1,1,T01
visibility,1,0,T01
repair,1,0,T01
pop,1,0,T01
evac,1,0,T01
speed,1,0,T01
revolt,1,0,T01
feel,1,0,T01
inundation,1,0,T01
engulf,1,0,T01
respond,1,0,T01
prevent,1,0,T01
waste,1,0,T01
development,1,0,T01
chief,1,0,T01
lose,1,0,T01
galore,1,0,T01
rail,1,0,T01
exit,1,0,T01
#estesparkfire,1,0,T01
dig,1,0,T01
boil,1,0,T01
assault,1,1,T01
recommend,1,0,T01
cell,1,0,T01
spark,1,0,T01
shock,1,0,T01
seek,1,0,T01
supplies/prescriptions,1,0,T01
lightening,1,1,T01
bomb-making,1,0,T01
building-collapse,1,0,T01
demand,1,0,T01
south,1,0,T01
obey,1,0,T01
detector,1,1,T01
protection,1,1,T01
respite,1,0,T01
site,1,0,T01
flush,1,1,T01
pond,1,0,T01
drink,1,0,T01
miss,1,0,T01
#weberfire,1,0,T01
warn,1,1,T01
degree,1,0,T01
increase,1,0,T01
fell,1,0,T01
earth,1,0,T01
protect,1,1,T01
blazes,1,1,T01
#iaf,1,0,T01
#woodlandheightsfire,1,1,T01
statement,1,0,T01
smog,1,1,T01
engage,1,0,T01
#lastchancefire,1,1,T01
wreck,1,1,T01
swamp,1,1,T01
ridge,1,1,T01
bush-fires,1,1,T01
inferno-like,1,1,T01
mass,1,1,T01
#rain,1,1,T01
sewage,1,1,T01
valve,1,1,T01
gallon,1,0,T01
gunship,1,1,T01
depth,1,0,T01
intensity,1,0,T01
#breakingnews,1,1,T01
live,1,0,T01
halt,1,1,T01
#coloradowildfire,1,0,T01
broadcast,1,0,T01
panic,1,1,T01
explain,1,0,T01
earthq,1,0,T01
fall,1,0,T01
finish,1,0,T01
export,1,0,T01
#wildfires,1,1,T01
persist,1,0,T01
forest,1,0,T01
protest,1,1,T01
cod,1,0,T01
percent,1,0,T01
declaration,1,0,T01
murder,1,1,T01
battery,1,0,T01
work,1,0,T01
moratorium,1,0,T01
gannon,1,1,T01
california,1,0,T01
booklet,1,0,T01
waterway,1,0,T01
closure,1,0,T01
province,1,0,T01
raging,1,1,T01
management,1,0,T01
precaution,1,1,T01
aircraft,1,0,T01
announcement,1,0,T01
daylight,1,0,T01
cut,1,1,T01
blame,1,0,T01
device,1,0,T01
adult,1,0,T01
involve,1,0,T01
clear,1,0,T01
victim,86,1,T02
injure,13,1,T02
survivor,8,1,T02
train,7,0,T02
crash,7,0,T02
lax,5,0,T02
hundred,5,0,T02
helicopter,5,0,T02
explosion,5,0,T02
earthquake,5,0,T02
flood,4,0,T02
hurt,4,1,T02
family,4,0,T02
wound,4,1,T02
tragedy,4,0,T02
injury,4,1,T02
fear,3,0,T02
impact,3,0,T02
plant,3,0,T02
leave,3,0,T02
dozen,3,0,T02
report,3,0,T02
typhoon,3,0,T02
casualty,3,0,T02
quake,3,0,T02
include,2,0,T02
meteor,2,0,T02
magnitude,2,0,T02
police,2,0,T02
search,2,0,T02
bomb,2,0,T02
collapse,2,0,T02
yesterday,2,0,T02
nightclub,2,0,T02
shot,2,0,T02
derailment,2,0,T02
event,2,0,T02
shooter,2,0,T02
fire,2,0,T02
marathon,2,0,T02
identify,2,0,T02
confirm,2,0,T02
shoot,2,0,T02
fertilizer,2,0,T02
pub,2,0,T02
bombing,2,0,T02
accident,2,0,T02
shooting,2,0,T02
wait,1,0,T02
gunshot,1,0,T02
urge,1,0,T02
maring/habagat,1,0,T02
#coflood,1,0,T02
fragment,1,0,T02
survive,1,1,T02
dswd,1,0,T02
fertiliser,1,0,T02
name,1,0,T02
strike,1,0,T02
trauma,1,0,T02
life,1,0,T02
fall,1,0,T02
place,1,0,T02
staff,1,0,T02
incident,1,0,T02
#savar,1,0,T02
reach,1,0,T02
child,1,0,T02
calamity,1,0,T02
haiyan,1,0,T02
#bostonmarathon,1,0,T02
clothes,1,0,T02
passenger,1,0,T02
thousand,1,0,T02
bloody,1,1,T02
adult,1,0,T02
typoon,1,0,T02
#bagyongmaring,1,0,T02
aid,1,1,T02
#accidents,1,0,T02
injuried,1,1,T02
#pabloph,1,0,T02
recover,1,1,T02
love,1,0,T02
sustain,1,0,T02
tuesday,1,0,T02
maring,1,0,T02
metro-north,1,0,T02
#wildfire,1,0,T02
disaster,1,0,T02
drown,1,0,T02
believe,1,0,T02
families/friends,1,0,T02
night,1,0,T02
burn,1,0,T02
#navyyardshooting,1,0,T02
#clutha,1,0,T02
relief,1,0,T02
suffer,1,1,T02
resident,1,0,T02
#workers,1,0,T02
shower,1,0,T02
bring,1,0,T02
car,1,0,T02
hospitalize,1,1,T02
dad,1,0,T02
scramble,1,0,T02
treat,1,1,T02
suffering,1,1,T02
glass,1,0,T02
brain,1,1,T02
patient,1,1,T02
flash,1,0,T02
suspect,1,0,T02
cyclist,1,0,T02
#coloradoflood,1,0,T02
evacuated/treated,1,0,T02
building,1,0,T02
flooding,1,0,T02
week,1,0,T02
fury,1,0,T02
gtting,1,0,T02
shard,1,0,T02
nsw,1,0,T02
victim,87,1,T03
toll,71,1,T03
death,49,1,T03
collapse,35,0,T03
kill,34,0,T03
flood,17,1,T03
confirm,16,0,T03
rise,16,0,T03
building,16,0,T03
earthquake,14,0,T03
police,10,0,T03
life,10,0,T03
fire,10,0,T03
quake,10,0,T03
body,10,1,T03
tragedy,9,0,T03
crash,9,0,T03
fatality,9,1,T03
lax,8,0,T03
die,8,1,T03
fear,8,0,T03
leave,8,0,T03
train,7,0,T03
pass,7,0,T03
report,7,0,T03
climb,6,0,T03
search,6,0,T03
hit,6,0,T03
top,6,0,T03
family,6,0,T03
helicopter,6,0,T03
casualty,6,0,T03
thousand,5,0,T03
survivor,5,1,T03
nightclub,5,0,T03
person,5,0,T03
dozen,5,0,T03
army,4,0,T03
typhoon,4,0,T03
shot,4,0,T03
hundred,4,0,T03
plant,4,0,T03
tsa,4,0,T03
officials,4,0,T03
explosion,4,0,T03
strike,4,0,T03
claim,4,0,T03
killer,4,0,T03
tsunami,3,0,T03
score,3,0,T03
recover,3,1,T03
reach,3,0,T03
number,3,0,T03
event,3,0,T03
building-collapse,3,0,T03
shooting,3,0,T03
fertilizer,3,0,T03
factory,3,0,T03
impact,3,0,T03
expect,3,0,T03
ppl,3,0,T03
officer,3,0,T03
magnitude,2,0,T03
year,2,0,T03
refinery,2,0,T03
lose,2,0,T03
blast,2,0,T03
government,2,0,T03
agent,2,0,T03
shoot,2,0,T03
marathon,2,0,T03
rip,2,0,T03
identify,2,0,T03
touch,2,0,T03
#earthquake,2,0,T03
pub,2,0,T03
continue,2,0,T03
blaze,2,0,T03
bombing,2,0,T03
name,2,0,T03
claims,2,0,T03
yesterday,2,0,T03
dead,2,1,T03
derailment,2,0,T03
shooter,2,0,T03
mourn,2,0,T03
work,2,0,T03
islands,2,0,T03
murder,2,1,T03
include,2,0,T03
official,2,0,T03
bring,2,0,T03
garment,2,0,T03
multiple,2,0,T03
jump,2,0,T03
accident,2,0,T03
pray,1,0,T03
mom,1,0,T03
meteor,1,0,T03
haiyan,1,0,T03
place,1,0,T03
silence,1,0,T03
debris,1,0,T03
detail,1,0,T03
kiling,1,1,T03
throw,1,0,T03
#bagyongmaring,1,0,T03
memorial,1,0,T03
perish,1,0,T03
wreath,1,0,T03
discuss,1,0,T03
day,1,0,T03
take,1,0,T03
old,1,0,T03
surge,1,0,T03
typoon,1,0,T03
#accidents,1,0,T03
#coflood,1,0,T03
hand,1,0,T03
firefighter,1,0,T03
clutha,1,0,T03
troop,1,0,T03
night,1,0,T03
vendor,1,0,T03
metro-north,1,0,T03
exceed,1,0,T03
terminal,1,0,T03
rain,1,0,T03
resident,1,0,T03
car,1,0,T03
miss,1,0,T03
corps,1,0,T03
dad,1,0,T03
factory-collapse,1,0,T03
church,1,0,T03
bell,1,0,T03
story,1,0,T03
venezuela,1,0,T03
#clutha,1,0,T03
news,1,0,T03
flash,1,0,T03
wildfire,1,0,T03
cyclist,1,0,T03
batter,1,0,T03
leap,1,0,T03
presume,1,0,T03
dhaka,1,0,T03
near,1,0,T03
causality,1,0,T03
update,1,0,T03
breach,1,0,T03
passenegers,1,0,T03
nurse,1,0,T03
cause,1,0,T03
cross,1,0,T03
bury,1,0,T03
condolence,1,0,T03
increase,1,0,T03
worker,1,0,T03
maring/habagat,1,0,T03
#victim,1,1,T03
turn,1,0,T03
love,1,0,T03
bomb,1,0,T03
loss,1,0,T03
#savar,1,0,T03
photo,1,0,T03
live,1,0,T03
raise,1,0,T03
suspect,1,0,T03
#bostonmarathon,1,0,T03
funeral,1,1,T03
surpass,1,0,T03
fury,1,0,T03
child,1,0,T03
people,1,0,T03
#pabloph,1,0,T03
protest,1,0,T03
meat,1,0,T03
float,1,0,T03
maring,1,0,T03
disaster,1,0,T03
bureau,1,0,T03
families/friends,1,0,T03
#flooding,1,0,T03
drown,1,0,T03
service,1,0,T03
brain,1,0,T03
cyclone,1,0,T03
complaint,1,0,T03
moment,1,0,T03
incident,1,0,T03
time,1,0,T03
estimate,1,0,T03
declare,1,0,T03
#navyyardshooting,1,0,T03
#earthquakevictims,1,0,T03
officers,1,0,T03
minister,1,0,T03
body's,1,0,T03
#coloradoflood,1,0,T03
trigger,1,0,T03
daylight,1,0,T03
believe,1,0,T03
week,1,0,T03
texas,1,0,T03
nsw,1,0,T03
passenger,1,0,T03
americans,1,0,T03
collapse,53,1,T04
flood,53,0,T04
building,46,1,T04
destroy,33,1,T04
home,29,0,T04
fire,27,0,T04
damage,24,1,T04
toll,23,0,T04
earthquake,21,0,T04
hit,20,0,T04
church,16,0,T04
burn,16,1,T04
area,16,0,T04
road,14,0,T04
video,12,0,T04
quake,12,0,T04
house,12,0,T04
death,11,0,T04
destruction,10,1,T04
devastate,10,1,T04
acre,10,0,T04
wildfire,9,0,T04
lose,8,0,T04
town,8,0,T04
impact,8,0,T04
island,8,0,T04
disaster,7,0,T04
flash,7,0,T04
photo,7,0,T04
leave,7,0,T04
village,7,0,T04
picture,7,0,T04
factory,7,0,T04
power,7,0,T04
business,6,0,T04
image,6,0,T04
explosion,6,0,T04
structure,6,0,T04
devastation,6,1,T04
pass,6,0,T04
#earthquake,6,0,T04
close,5,1,T04
top,5,0,T04
landslide,5,0,T04
part,4,0,T04
zone,4,0,T04
hundred,4,0,T04
threaten,4,0,T04
bridge,4,0,T04
typhoon,4,0,T04
city,4,0,T04
#highparkfire,4,0,T04
infrastructure,4,0,T04
create,4,0,T04
debris,4,1,T04
map,4,0,T04
aftermath,4,0,T04
nasa,4,0,T04
search,4,0,T04
wash,4,0,T04
satellite,4,0,T04
mile,4,0,T04
islands,4,0,T04
magnitude,4,0,T04
housing,3,0,T04
school,3,0,T04
coast,3,0,T04
neighbourhood,3,0,T04
kill,3,0,T04
threat,3,0,T04
ruin,3,1,T04
build,3,0,T04
rain,3,0,T04
crumble,3,1,T04
water,3,0,T04
cleanup,3,1,T04
inundate,3,1,T04
street,3,1,T04
hospital,3,0,T04
clean-up,3,1,T04
tsunami,3,0,T04
train,3,0,T04
property,3,0,T04
construction,3,1,T04
building-collapse,3,0,T04
rise,3,0,T04
capture,3,0,T04
effort,3,0,T04
road,3,1,T04
havoc,3,1,T04
scene,3,0,T04
victim,3,0,T04
resume,3,1,T04
#abflood,2,0,T04
submerge,2,1,T04
truck,2,0,T04
history,2,0,T04
police,2,0,T04
blast,2,1,T04
aid,2,0,T04
containment,2,0,T04
rip,2,0,T04
loss,2,0,T04
confirm,2,0,T04
open,2,0,T04
terminal,2,0,T04
resident,2,0,T04
arrival,2,0,T04
land,2,0,T04
claim,2,0,T04
contain,2,0,T04
haul,2,0,T04
shut,2,1,T04
mountains,2,0,T04
near,2,0,T04
devasting,2,1,T04
cause,2,0,T04
rubble,2,1,T04
ranch,2,0,T04
traffic,2,0,T04
district,2,0,T04
fear,2,0,T04
emergency,2,0,T04
monsoon,2,0,T04
metro,2,0,T04
gallery,2,0,T04
hamper,2,1,T04
emerge,2,0,T04
tower,2,0,T04
trigger,2,0,T04
saddledome,2,0,T04
withstand,2,0,T04
region,2,0,T04
meteor,2,0,T04
refinery,2,0,T04
sq,2,0,T04
crack,2,1,T04
south,2,0,T04
show,2,0,T04
site,2,0,T04
flatten,2,1,T04
return,2,0,T04
operation,2,0,T04
risk,2,0,T04
climb,2,0,T04
material,2,0,T04
bell,2,0,T04
size,2,0,T04
blaze,2,0,T04
update,2,0,T04
cross,2,0,T04
worker,2,0,T04
survivor,2,0,T04
ground,2,0,T04
force,2,0,T04
family,2,0,T04
ravage,2,1,T04
blue,2,0,T04
nightclub,2,0,T04
flood-hit,2,1,T04
rattle,2,1,T04
launch,2,0,T04
closure,2,1,T04
dozen,2,0,T04
nightmare,2,0,T04
river,2,0,T04
aftershock,2,1,T04
cut,2,0,T04
rebuild,2,1,T04
ton,1,0,T04
direction,1,0,T04
inundates,1,1,T04
lot,1,0,T04
year,1,0,T04
normalcy,1,0,T04
pothole,1,0,T04
connect,1,0,T04
life,1,0,T04
century,1,0,T04
complaint,1,0,T04
rage,1,0,T04
#awaran,1,0,T04
army,1,0,T04
metre,1,0,T04
circle,1,0,T04
development,1,0,T04
thousand,1,0,T04
loon,1,0,T04
number,1,0,T04
loboc,1,0,T04
pipeline,1,0,T04
queen,1,0,T04
moment,1,0,T04
strand,1,1,T04
shop,1,0,T04
flood-ravaged,1,0,T04
community,1,0,T04
cruise,1,0,T04
drive,1,0,T04
path,1,0,T04
hillside,1,0,T04
facility,1,0,T04
film,1,0,T04
safety,1,0,T04
shape,1,0,T04
night,1,0,T04
crisis,1,0,T04
management,1,0,T04
#cofloodrelief,1,0,T04
west-end,1,0,T04
dvp,1,0,T04
crew,1,0,T04
design,1,0,T04
char,1,0,T04
shutdown,1,1,T04
storm-hit,1,1,T04
continue,1,0,T04
lane,1,0,T04
hwy,1,0,T04
#meteor,1,0,T04
dam,1,0,T04
dhaka,1,0,T04
flooding,1,0,T04
basement,1,1,T04
program,1,0,T04
angeles,1,0,T04
bury,1,1,T04
nuke,1,1,T04
#wildfire,1,0,T04
situation,1,0,T04
chaos,1,1,T04
north,1,0,T04
recount,1,0,T04
rock,1,0,T04
strike,1,0,T04
bomb,1,0,T04
quake-affected,1,0,T04
country,1,0,T04
factory-collapse,1,0,T04
percent,1,0,T04
row,1,0,T04
carry,1,0,T04
fracked,1,1,T04
nation,1,0,T04
barrier,1,0,T04
avoid,1,0,T04
reopen,1,1,T04
reveal,1,0,T04
piece,1,0,T04
owner,1,0,T04
mountain,1,0,T04
eastbound,1,0,T04
order,1,0,T04
replace,1,0,T04
poultry,1,0,T04
fc,1,0,T04
outage,1,1,T04
#tsunami,1,0,T04
suburb,1,0,T04
official,1,0,T04
#fracking,1,0,T04
scale,1,0,T04
cement,1,1,T04
barricade,1,1,T04
office,1,0,T04
suffer,1,0,T04
flood-stricken,1,0,T04
close-up,1,0,T04
ship,1,0,T04
landscape,1,0,T04
quality,1,0,T04
thierry,1,0,T04
west,1,0,T04
mall,1,0,T04
#photos,1,0,T04
assess,1,0,T04
demolish,1,1,T04
rule,1,0,T04
instrument,1,0,T04
binding,1,0,T04
comparison,1,0,T04
repair,1,1,T04
agreement,1,0,T04
consume,1,0,T04
view,1,0,T04
est'd,1,0,T04
break,1,1,T04
tape,1,1,T04
crumbles,1,1,T04
lanslide,1,1,T04
function,1,0,T04
re-open,1,1,T04
rail,1,0,T04
arrival/departure,1,0,T04
exit,1,0,T04
catastrophe,1,0,T04
reach,1,0,T04
finish,1,0,T04
wreckage,1,1,T04
highlight,1,0,T04
haiyan,1,0,T04
station,1,0,T04
gash,1,1,T04
shot,1,0,T04
reservoir,1,0,T04
wreak,1,1,T04
engulf,1,0,T04
plant,1,0,T04
after-shocks,1,0,T04
epicentre,1,0,T04
aqua,1,0,T04
remain,1,0,T04
unleash,1,0,T04
#rains,1,0,T04
re-opened,1,1,T04
fell,1,0,T04
sink,1,1,T04
submit,1,0,T04
identify,1,0,T04
torrent,1,0,T04
turn,1,0,T04
quadrant,1,0,T04
service,1,0,T04
block,1,0,T04
relief,1,0,T04
exceed,1,0,T04
high,1,0,T04
allow,1,0,T04
evacuate,1,0,T04
lodge,1,0,T04
grow,1,0,T04
crop,1,0,T04
foot-bridge,1,0,T04
surge,1,0,T04
flood-area,1,0,T04
tunnel,1,1,T04
wave,1,0,T04
record,1,0,T04
track,1,0,T04
report,1,0,T04
break,1,1,T04
scenario,1,0,T04
devour,1,1,T04
grass,1,0,T04
double,1,0,T04
protect,1,0,T04
imagery,1,0,T04
bldg,1,1,T04
compound,1,0,T04
hotel,1,0,T04
footage,1,0,T04
valley,1,0,T04
roof,1,0,T04
wreck,1,1,T04
collap,1,1,T04
floor,1,0,T04
vimeo,1,0,T04
swamp,1,0,T04
zoo,1,0,T04
agriculture,1,0,T04
coverage,1,0,T04
spread,1,0,T04
#glass,1,0,T04
wipe,1,0,T04
season,1,0,T04
#typhoonhaiyan,1,0,T04
kilometer,1,0,T04
protection,1,0,T04
flush,1,0,T04
barrage,1,1,T04
aerial,1,0,T04
derailment,1,0,T04
neighborhood,1,0,T04
release,1,0,T04
expect,1,0,T04
telling,1,0,T04
compromise,1,0,T04
quake-stricken,1,0,T04
protest,1,0,T04
live,1,0,T04
shower,1,0,T04
#NAME?,1,0,T04
murder,1,0,T04
crane,1,0,T04
tragedy,1,0,T04
evacuation,1,0,T04
work,1,0,T04
notice,1,0,T04
bush,1,0,T04
bring,1,0,T04
pull,1,0,T04
#nswfires,1,0,T04
incident,1,0,T04
province,1,0,T04
head,1,0,T04
garment,1,0,T04
rope,1,0,T04
complicate,1,0,T04
toilet,1,0,T04
venue,1,0,T04
oil,1,0,T04
waters,1,0,T04
centre,1,0,T04
danger,1,0,T04
twitter,1,0,T04
wagon,1,0,T04
shake,1,0,T04
forest,1,0,T04
ministry,1,0,T04
blame,1,0,T04
retardant,1,0,T04
restoration,1,0,T04
tear,1,0,T04
resource,1,0,T04
donate,38,1,T05
donation,21,1,T05
relief,20,0,T05
flood,11,0,T05
fund,11,1,T05
charity,9,1,T05
money,8,1,T05
cross,8,0,T05
appeal,6,0,T05
aid,6,0,T05
support,6,0,T05
raise,5,0,T05
victim,5,0,T05
fundraiser,4,1,T05
disaster,4,0,T05
cash,4,1,T05
dollar,3,1,T05
salary,3,0,T05
call,3,0,T05
benefit,3,0,T05
need,3,0,T05
amount,3,0,T05
earthquake,3,0,T05
center,2,0,T05
#reliefph,2,0,T05
accept,2,0,T05
government,2,0,T05
us$,2,1,T05
contribute,2,0,T05
red,2,0,T05
account,2,0,T05
release,2,0,T05
budget,2,1,T05
assist,2,0,T05
text,2,0,T05
prize,2,0,T05
assistance,2,0,T05
loss,2,0,T05
compensation,2,0,T05
sale,2,0,T05
drop,2,0,T05
payment,2,1,T05
pledge,2,0,T05
change,2,0,T05
wildfire,2,0,T05
effort,2,0,T05
claim,2,0,T05
volunteer,2,0,T05
exchange,1,0,T05
#abflood,1,0,T05
euromillion,1,0,T05
school,1,0,T05
club,1,0,T05
day's,1,0,T05
spare,1,0,T05
business,1,0,T05
earnings,1,1,T05
auction,1,0,T05
demand,1,0,T05
ration,1,0,T05
gouging,1,0,T05
milli,1,0,T05
areas,1,0,T05
raiser,1,0,T05
charge,1,1,T05
currency,1,0,T05
event,1,0,T05
crown,1,0,T05
typhoon,1,0,T05
authorities,1,0,T05
fundraise,1,1,T05
concert,1,0,T05
galore,1,0,T05
aeroplan,1,0,T05
point,1,0,T05
cover,1,0,T05
ls,1,0,T05
pickup,1,0,T05
calamity,1,0,T05
czech,1,0,T05
fee,1,1,T05
memorial,1,0,T05
pay,1,1,T05
thousand,1,0,T05
work,1,0,T05
number,1,0,T05
emergency,1,0,T05
recovery,1,0,T05
start,1,0,T05
family,1,0,T05
tmrw,1,0,T05
police,1,0,T05
funding,1,1,T05
court,1,0,T05
request,1,0,T05
million,1,0,T05
marathon,1,0,T05
contribution,1,0,T05
philippine,1,0,T05
billion,1,0,T05
#fire,1,0,T05
fundraising,1,1,T05
emg,1,0,T05
good,1,0,T05
collect,1,0,T05
revenue,1,0,T05
refuse,1,0,T05
volunteers/donations,1,0,T05
efforts/donations,1,0,T05
rebuild,1,0,T05
miles,1,0,T05
pool,1,0,T05
lakh,1,0,T05
confirm,1,0,T05
redcross,1,0,T05
insurance,1,0,T05
rate,1,0,T05
subscription/renewal,1,0,T05
buy,1,0,T05
follower,1,0,T05
#highparkfire,1,0,T05
profit,1,0,T05
rain,1,0,T05
month,1,0,T05
bring,1,0,T05
car,1,0,T05
gift,1,0,T05
pls,1,0,T05
price,1,1,T05
birdie,1,0,T05
citizen,1,0,T05
province,1,0,T05
php,1,0,T05
devasted,1,0,T05
drive,1,0,T05
corruption,1,0,T05
goods/donations,1,0,T05
channel,1,0,T05
coffee,1,0,T05
oil,1,0,T05
deposit,1,1,T05
trust,1,0,T05
#salvationarmy,1,0,T05
offer,1,0,T05
donate-a-load,1,0,T05
firefighting,1,0,T05
#coloradoflood,1,0,T05
govt,1,0,T05
earth,1,0,T05
launch,1,0,T05
shirt,1,0,T05
#rescueph,1,0,T05
cost,1,0,T05
comedy,1,0,T05
record,1,0,T05
day`s,1,0,T05
officers,1,0,T05
store,1,0,T05
american,1,0,T05
meal,1,0,T05
allocate,1,0,T05
appearance,1,0,T05
displace,1,0,T05
ford,1,0,T05
quake,1,0,T05
relief,49,1,T06
good,18,0,T06
food,16,1,T06
donate,16,1,T06
water,12,1,T06
aid,11,1,T06
donation,9,1,T06
victim,9,0,T06
supply,8,0,T06
flood,7,0,T06
map,6,0,T06
bag,5,1,T06
shelter,5,0,T06
pack,5,0,T06
drop,5,0,T06
hospital,5,1,T06
kit,4,0,T06
item,4,0,T06
disaster,4,0,T06
material,4,0,T06
appeal,4,0,T06
#rescueph,4,0,T06
clothes,4,1,T06
send,4,0,T06
need,4,0,T06
rice,3,1,T06
accept,3,0,T06
load,3,0,T06
#reliefph,3,0,T06
rescue,3,1,T06
resource,3,1,T06
call,3,0,T06
distribute,3,0,T06
emergency,3,0,T06
family,3,0,T06
request,3,0,T06
blood,3,1,T06
support,3,1,T06
army,2,0,T06
truck,2,0,T06
electricity,2,0,T06
lose,2,0,T06
typhoon,2,0,T06
point,2,0,T06
contribute,2,0,T06
thousand,2,0,T06
supplies/prescriptions,2,0,T06
medicine,2,1,T06
require,2,0,T06
household,2,0,T06
survivor,2,0,T06
drink,2,1,T06
offer,2,0,T06
goods/donations,2,0,T06
clothing,2,0,T06
struggle,2,0,T06
rubber,2,0,T06
search,2,0,T06
card,2,0,T06
camera,2,0,T06
distribution,2,0,T06
collect,2,0,T06
million,2,0,T06
deliver,2,0,T06
paper,2,0,T06
power,2,0,T06
service,2,0,T06
response,2,0,T06
#coloradoflood,2,0,T06
outage,2,0,T06
quake,2,0,T06
fuel,2,1,T06
meal,2,0,T06
spray,1,0,T06
evacuee,1,0,T06
housing,1,0,T06
ls,1,0,T06
taco,1,0,T06
lot,1,0,T06
vaccine,1,1,T06
dispatch,1,0,T06
check,1,0,T06
await,1,0,T06
federal,1,0,T06
bottle,1,0,T06
battery,1,1,T06
rail,1,0,T06
authorities,1,0,T06
gasoline,1,1,T06
beg,1,0,T06
gloves/boots,1,0,T06
pressure,1,0,T06
tissue,1,0,T06
reach,1,0,T06
clean,1,0,T06
sandbag,1,0,T06
impede,1,0,T06
repack,1,0,T06
haiyan,1,0,T06
thermos,1,0,T06
rush,1,0,T06
citizen,1,0,T06
pork,1,0,T06
recovery,1,0,T06
biscuit,1,0,T06
start,1,0,T06
run,1,0,T06
agency,1,0,T06
binalot,1,0,T06
community,1,0,T06
bug,1,0,T06
court,1,0,T06
rope,1,0,T06
scavenge,1,0,T06
demand,1,1,T06
system,1,0,T06
tent,1,1,T06
philippines,1,0,T06
package,1,0,T06
explosion,1,0,T06
barrel,1,0,T06
home,1,0,T06
assistance,1,1,T06
yun,1,0,T06
volunteers/donations,1,1,T06
crisis,1,0,T06
officials,1,0,T06
crate,1,0,T06
urea,1,0,T06
shipment,1,0,T06
donate/distribute,1,1,T06
gunfire,1,0,T06
buy,1,0,T06
contact,1,0,T06
provide,1,0,T06
resident,1,0,T06
ton,1,0,T06
@wfp,1,0,T06
car,1,0,T06
trash,1,0,T06
eat,1,0,T06
table,1,0,T06
flow,1,0,T06
survival,1,0,T06
offtake,1,0,T06
starve,1,0,T06
trickle,1,0,T06
baby,1,1,T06
sanitation,1,0,T06
flash,1,0,T06
pillow,1,0,T06
rideau,1,1,T06
phone,1,0,T06
hand,1,0,T06
generator,1,0,T06
program,1,0,T06
candle,1,1,T06
chopper,1,0,T06
crew,1,0,T06
cross,1,0,T06
mres(meal,1,0,T06
band,1,0,T06
keep,1,0,T06
ramp,1,0,T06
batch,1,0,T06
clip,1,0,T06
hit,1,0,T06
stick,1,0,T06
flush,1,0,T06
filtration,1,0,T06
receive,1,0,T06
recieve,1,0,T06
wood,1,0,T06
death,1,0,T06
collapse,1,0,T06
body,1,0,T06
appointment,1,0,T06
carry,1,0,T06
govt,1,0,T06
coffin,1,0,T06
purification,1,0,T06
cooker,1,0,T06
tank,1,1,T06
bridge,1,0,T06
order,1,0,T06
milk,1,0,T06
pickup,1,0,T06
sack,1,0,T06
equipment,1,0,T06
gov,1,0,T06
drinking,1,1,T06
area,1,0,T06
leave,1,0,T06
evacuation,1,0,T06
work,1,0,T06
gtting,1,0,T06
island,1,0,T06
truckloads,1,0,T06
#maringph,1,0,T06
fly,1,0,T06
hall,1,0,T06
#highparkfire,1,0,T06
restore,1,0,T06
suffer,1,0,T06
packet,1,0,T06
trap,1,0,T06
bring,1,0,T06
lending,1,0,T06
staple,1,0,T06
charity,1,1,T06
cop,1,0,T06
lie,1,0,T06
hospital's,1,0,T06
zone,1,0,T06
towel,1,1,T06
oil,1,1,T06
shortage,1,1,T06
effort,1,0,T06
river,1,0,T06
guide,1,0,T06
bite,1,0,T06
cover,1,0,T06
earthquake,1,0,T06
volunteer,1,0,T06
displace,1,0,T06
ford,1,0,T06
relief,30,1,T07
aid,20,1,T07
flood,12,0,T07
volunteer,11,1,T07
victim,11,0,T07
rescue,9,1,T07
effort,9,0,T07
call,8,0,T07
need,8,0,T07
assistance,7,1,T07
disaster,7,0,T07
appeal,5,0,T07
support,5,1,T07
center,4,0,T07
service,4,1,T07
camp,4,0,T07
emergency,4,0,T07
response,3,0,T07
#reliefph,3,0,T07
work,3,0,T07
community,3,0,T07
#rescueph,3,0,T07
request,3,0,T07
typhoon,3,0,T07
army,2,0,T07
struggle,2,0,T07
haiyan,2,0,T07
industry,2,0,T07
contribute,2,0,T07
resident,2,0,T07
family,2,0,T07
beg,2,0,T07
agency,2,0,T07
assist,2,1,T07
build,2,0,T07
firefighter,2,0,T07
power,2,0,T07
water,2,0,T07
team,2,0,T07
process,2,0,T07
operation,2,0,T07
citizen,2,0,T07
await,2,0,T07
action,2,0,T07
flash,2,0,T07
offer,2,1,T07
#coloradoflood,2,0,T07
require,2,0,T07
provide,2,1,T07
hospital,2,1,T07
housing,1,0,T07
measure,1,0,T07
coordinate,1,0,T07
respond,1,0,T07
stranded,1,0,T07
police,1,0,T07
search,1,0,T07
hit,1,0,T07
helicopter,1,0,T07
rehabilitation,1,0,T07
pothole,1,0,T07
healthcare,1,1,T07
flood-relief,1,0,T07
federal,1,0,T07
#savethemountains,1,0,T07
staff,1,0,T07
ground,1,0,T07
authorities,1,0,T07
society,1,0,T07
friend,1,0,T07
reach,1,0,T07
clean,1,0,T07
animal,1,0,T07
@moorehospital,1,0,T07
campaign,1,0,T07
rideau,1,0,T07
reduce,1,0,T07
emission,1,0,T07
hall,1,0,T07
save,1,0,T07
pet,1,0,T07
rush,1,0,T07
forecast,1,0,T07
flooding,1,0,T07
passenger,1,0,T07
head,1,0,T07
men,1,0,T07
stall,1,0,T07
capacity,1,0,T07
management,1,0,T07
local,1,0,T07
book,1,0,T07
volunteer,1,0,T07
activity,1,0,T07
division,1,0,T07
scavenge,1,0,T07
replace,1,0,T07
shower,1,0,T07
lack,1,0,T07
gov,1,0,T07
package,1,0,T07
deliver,1,0,T07
area,1,0,T07
fan,1,0,T07
leave,1,0,T07
evacuation,1,0,T07
move,1,0,T07
efforts/donations,1,0,T07
crescent,1,0,T07
firm,1,0,T07
nursery,1,1,T07
help,1,0,T07
donation,1,1,T07
survivor,1,0,T07
restore,1,0,T07
#colorado,1,0,T07
cleanup,1,0,T07
wait,1,0,T07
fight,1,0,T07
crew,1,0,T07
train,1,0,T07
cop,1,0,T07
province,1,0,T07
deploy,1,0,T07
survival,1,0,T07
ops,1,0,T07
trickle,1,0,T07
rehab,1,1,T07
firefighting,1,0,T07
bring,1,0,T07
govt,1,0,T07
outage,1,0,T07
infrastructure,1,0,T07
surgery,1,0,T07
centre,1,0,T07
doctor,1,1,T07
attention,1,0,T07
load,1,0,T07
board,1,0,T07
gtting,1,0,T07
island,1,0,T07
philippines,1,0,T07
adult,1,0,T07
gain,1,0,T07
earthquake,1,0,T07
ford,1,0,T07
victim,77,1,T08
search,29,1,T08
strand,13,1,T08
miss,12,1,T08
trap,11,1,T08
survivor,10,1,T08
rescue,10,1,T08
body,8,0,T08
fear,7,0,T08
thousand,7,0,T08
crash,7,0,T08
flood,6,0,T08
train,6,0,T08
hundred,6,0,T08
quake,6,0,T08
family,5,0,T08
helicopter,5,0,T08
dozen,5,0,T08
army,4,0,T08
passenger,4,0,T08
tragedy,4,0,T08
leave,4,0,T08
earthquake,4,0,T08
worker,3,0,T08
lax,3,0,T08
typhoon,3,0,T08
bomb,3,0,T08
fire,3,0,T08
explosion,3,0,T08
effort,3,0,T08
police,2,0,T08
stick,2,0,T08
nightclub,2,0,T08
derailment,2,0,T08
event,2,0,T08
accident,2,0,T08
yesterday,2,0,T08
shooter,2,0,T08
marathon,2,0,T08
search-and-rescue,2,1,T08
shooting,2,0,T08
firefighter,2,0,T08
include,2,0,T08
night,2,0,T08
person,2,0,T08
identify,2,0,T08
love,2,0,T08
recover,2,0,T08
#clutha,2,0,T08
#rescueph,2,0,T08
evacuate,2,0,T08
magnitude,2,0,T08
tourist,2,0,T08
pub,2,0,T08
continue,2,0,T08
bombing,2,0,T08
survive,2,0,T08
govt,2,0,T08
injure,2,0,T08
rescuer,2,0,T08
casualty,2,0,T08
capsized,1,0,T08
wait,1,0,T08
suspend,1,0,T08
maring/habagat,1,0,T08
fertilizer,1,0,T08
#coflood,1,0,T08
jawan,1,0,T08
report,1,0,T08
lost,1,1,T08
lose,1,1,T08
plant,1,0,T08
strike,1,0,T08
pull,1,0,T08
life,1,0,T08
aid,1,0,T08
bury,1,1,T08
civilian,1,0,T08
farm,1,0,T08
mode,1,0,T08
death,1,0,T08
incident,1,0,T08
#savar,1,0,T08
collapse,1,0,T08
adult,1,0,T08
reach,1,0,T08
kill,1,0,T08
photo,1,0,T08
tuesday,1,0,T08
kedarnath,1,0,T08
families/friends,1,0,T08
missing,1,1,T08
save,1,0,T08
suspect,1,0,T08
#bostonmarathon,1,0,T08
rush,1,0,T08
woman,1,0,T08
force,1,0,T08
men,1,0,T08
commuter,1,0,T08
seek,1,0,T08
hospital,1,0,T08
crew,1,0,T08
expect,1,0,T08
fury,1,0,T08
house,1,0,T08
typoon,1,0,T08
#bagyongmaring,1,0,T08
fatality,1,0,T08
#accidents,1,0,T08
investigators,1,0,T08
scramble,1,0,T08
#pabloph,1,0,T08
ravage,1,0,T08
metro-north,1,0,T08
hostage,1,1,T08
work,1,0,T08
community,1,0,T08
abandon,1,0,T08
end,1,0,T08
float,1,0,T08
week,1,0,T08
food,1,0,T08
drown,1,1,T08
member,1,0,T08
baloch,1,1,T08
spot,1,0,T08
return,1,0,T08
#navyyardshooting,1,0,T08
operation,1,0,T08
town,1,0,T08
find,1,0,T08
locate,1,0,T08
capsize,1,0,T08
resident,1,0,T08
bring,1,0,T08
car,1,0,T08
bar,1,0,T08
dad,1,0,T08
throw,1,0,T08
list,1,0,T08
garment,1,0,T08
brain,1,0,T08
disaster,1,0,T08
free,1,0,T08
mother,1,0,T08
friend,1,0,T08
water,1,0,T08
fisherman,1,0,T08
camera,1,0,T08
detain,1,0,T08
patient,1,0,T08
flash,1,0,T08
airline,1,0,T08
commando,1,0,T08
#coloradoflood,1,0,T08
ten,1,0,T08
killer,1,0,T08
abduct,1,0,T08
claw,1,0,T08
deck,1,0,T08
shoot,1,0,T08
presume,1,0,T08
confirm,1,0,T08
maring,1,0,T08
remain,1,0,T08
nsw,1,0,T08
place,1,0,T08
evacuate,19,1,T09
force,16,0,T09
flee,14,1,T09
thousand,13,0,T09
displace,10,1,T09
resident,9,0,T09
home,8,0,T09
return,8,1,T09
evacuee,7,1,T09
fire,6,0,T09
order,5,0,T09
evac,5,1,T09
notice,4,0,T09
prompt,4,0,T09
hundred,4,0,T09
center,4,0,T09
centre,4,0,T09
flood,3,0,T09
ten,3,0,T09
area,3,0,T09
wildfire,3,0,T09
#abflood,2,0,T09
rescue,2,0,T09
passenger,2,0,T09
pilgrim,2,0,T09
pet,2,0,T09
mass,2,0,T09
community,2,0,T09
leave,2,0,T09
move,2,1,T09
person,2,0,T09
call,2,0,T09
pre-evacuation,2,1,T09
bring,2,0,T09
city,2,0,T09
evacs,2,1,T09
family,2,0,T09
update,2,0,T09
army,1,0,T09
police,1,0,T09
urge,1,0,T09
#waldocanyonfire,1,0,T09
zone,1,0,T09
evacuated,1,1,T09
survivor,1,0,T09
find,1,0,T09
warning,1,0,T09
card,1,0,T09
typhoon,1,0,T09
baggage,1,0,T09
flame,1,0,T09
allow,1,0,T09
live,1,0,T09
recommend,1,0,T09
expand,1,0,T09
plan,1,0,T09
refuse,1,0,T09
red,1,0,T09
start,1,0,T09
civilian,1,0,T09
lift,1,0,T09
animal,1,0,T09
strand,1,0,T09
ravage,1,0,T09
wound,1,0,T09
#highparkfire,1,0,T09
damage,1,0,T09
kid,1,0,T09
checklist,1,0,T09
tonight,1,0,T09
victim,1,0,T09
extend,1,0,T09
#wildfire,1,0,T09
issue,1,0,T09
begin,1,0,T09
evacuation/rescue,1,1,T09
crowd,1,0,T09
activity,1,0,T09
refuge,1,1,T09
diver,1,0,T09
water,1,0,T09
town,1,0,T09
relief,1,0,T09
terminal,1,0,T09
rescuer,1,1,T09
charity,1,0,T09
char,1,0,T09
rush,1,0,T09
list,1,0,T09
agent,1,0,T09
await,1,0,T09
declare,1,0,T09
location,1,0,T09
missin,1,0,T09
flash,1,0,T09
effort,1,0,T09
dozen,1,0,T09
#fireseason,1,0,T09
#evac,1,1,T09
evacuat,1,1,T09
ground,1,0,T09
evacuated/treated,1,1,T09
building,1,0,T09
hasnt,1,0,T09
bag,1,0,T09
escape,1,1,T09
exacuated,1,1,T09
tell,1,0,T09
volunteer,1,0,T09
receipt,1,0,T09
ctr's,1,0,T09
cross,1,0,T09
evacuati,1,0,T09
expense,1,0,T09
waiting/ready,1,0,T09
pet,6,1,T10
evacuate,5,0,T10
rescue,4,0,T10
dog,4,1,T10
displace,3,0,T10
flood,2,0,T10
horse,2,1,T10
kitten,2,0,T10
donate,2,0,T10
snake,2,1,T10
spider,2,1,T10
board,2,0,T10
escape,2,0,T10
monkey,2,1,T10
pets/animals,1,1,T10
sanctuary,1,0,T10
evacuee,1,0,T10
livestock,1,1,T10
evacuation,1,0,T10
refuge,1,0,T10
evacing,1,0,T10
moth,1,1,T10
ranch,1,0,T10
lose,1,0,T10
burmese,1,0,T10
center,1,0,T10
slaughter,1,0,T10
sloths/gibbons/spider,1,0,T10
hundred,1,0,T10
forget,1,0,T10
bulldog,1,1,T10
wait,1,0,T10
farm,1,1,T10
pony,1,1,T10
miss,1,0,T10
adoption,1,0,T10
kitty,1,1,T10
lab,1,0,T10
hippo,1,0,T10
cat,1,1,T10
birdie,1,1,T10
hospitals,1,0,T10
#animalshelters,1,0,T10
cats,1,1,T10
action,1,0,T10
steal,1,0,T10
wildfire,1,1,T10
dolphin,1,1,T10
hospital,1,0,T10
creature,1,1,T10
aircraft,1,0,T10
provide,1,0,T10
run,1,0,T10
flee,1,0,T10
chicken,1,1,T10
bears,1,1,T10
wilderness,1,1,T10
owner,1,0,T10
reward,1,0,T10
million,1,0,T10
french,1,0,T10
chopper,1,0,T10
demand,1,0,T10
vca,1,0,T10
hotline,1,0,T10
helicopter,1,0,T10
prayer,18,1,T11
family,13,0,T11
thought,10,1,T11
pray,9,1,T11
god,8,1,T11
victim,7,0,T11
friend,7,0,T11
heart,5,0,T11
love,5,0,T11
send,5,0,T11
brother,4,0,T11
flood,4,0,T11
search,4,0,T11
stay,4,0,T11
think,4,0,T11
lot,3,0,T11
bless,3,0,T11
call,3,0,T11
tragedy,3,1,T11
earthquake,3,0,T11
hope,3,1,T11
sister,3,0,T11
spare,2,0,T11
guy,2,0,T11
#prayforjakarta,2,0,T11
remain,2,1,T11
goodness,2,1,T11
rip,2,1,T11
pls,2,1,T11
share,2,0,T11
rain,2,0,T11
news,2,0,T11
join,2,0,T11
#prayforboston,2,0,T11
lord,2,1,T11
hear,2,0,T11
condolence,2,0,T11
dad,2,0,T11
vibe,2,0,T11
live,2,0,T11
support,2,0,T11
faith,2,1,T11
matter,2,0,T11
#prayfortexas,2,0,T11
include,2,0,T11
fam,2,0,T11
suffer,2,0,T11
#prayforbohol,2,0,T11
????????,1,0,T11
mom,1,0,T11
??,1,0,T11
#prayers,1,0,T11
stranded,1,0,T11
texted,1,0,T11
sight,1,0,T11
shout,1,0,T11
lose,1,0,T11
start,1,0,T11
#prayforearthquakeinitaly,1,1,T11
#savethemountains,1,1,T11
trauma,1,0,T11
#shocking,1,0,T11
blessing,1,1,T11
shock,1,0,T11
#prayforeverybody,1,1,T11
slam,1,0,T11
hurt,1,0,T11
alert,1,0,T11
#sadface,1,0,T11
soul,1,1,T11
#prayforhumanity,1,1,T11
picture,1,0,T11
animal,1,0,T11
save,1,0,T11
#lordpleasebewithus,1,0,T11
watch,1,0,T11
#prayforrain,1,1,T11
#prayforsantamaria,1,1,T11
event,1,0,T11
relative,1,0,T11
sibling,1,0,T11
dance,1,0,T11
thnx,1,0,T11
community,1,0,T11
jesus,1,0,T11
respect,1,0,T11
fire,1,0,T11
philippine,1,0,T11
#prayforphilippines,1,1,T11
#prayforleyte,1,1,T11
philippines,1,0,T11
firefighter,1,0,T11
make,1,0,T11
witness,1,0,T11
food,1,0,T11
loss,1,0,T11
safety,1,0,T11
sistres,1,0,T11
recount,1,0,T11
care,1,0,T11
person,1,0,T11
#prayforthephilippines,1,1,T11
????,1,0,T11
help,1,0,T11
individual,1,0,T11
#letsprayforthephil,1,1,T11
center,1,0,T11
#prayfornuevaecija,1,1,T11
west,1,0,T11
evacuate,1,0,T11
resident,1,0,T11
#prayforboholandcebu,1,1,T11
experience,1,0,T11
felt,1,0,T11
#prayforbostonandtexas,1,1,T11
country,1,0,T11
sleep,1,0,T11
#prayfornegros,1,1,T11
story,1,0,T11
#safe,1,0,T11
#prayformindanao,1,0,T11
report,1,0,T11
devastate,1,0,T11
#staysafe,1,0,T11
niece,1,0,T11
hasnt,1,0,T11
protect,1,0,T11
#prayforthe,1,0,T11
happend,1,0,T11
safeness,1,0,T11
tell,1,0,T11
#prayforitaly,1,1,T11
cross,1,0,T11
#godble,1,0,T11
overlook,1,0,T11
location,1,0,T11
#pray,1,1,T11
deal,1,0,T11
#prayforcebuandbohol,1,1,T11
#prayforusall,1,1,T11
grace,1,0,T11
humanity,1,0,T11
survivor,1,0,T11
break,1,0,T11
rock,1,0,T11
#prayforwaco,1,1,T11
#praying,1,1,T11
#prayforcebu,1,1,T11
fear,1,1,T11
#keepsafe,1,0,T11
explosion,1,0,T11
shame,1,0,T11
#reliefph,1,0,T11
rescue,1,0,T11
impact,1,0,T11
house,1,0,T11
message,1,0,T11
photo,1,0,T11
nightclub,1,0,T11
preserve,1,0,T11
papa,1,0,T11
panic,1,1,T11
solidarity,1,0,T11
work,1,0,T11
#prayfortheworld,1,1,T11
painkiller,1,0,T11
#be,1,0,T11
parole,1,0,T11
kill,1,0,T11
scene,1,0,T11
mercy,1,0,T11
aunt,1,0,T11
hop,1,0,T11
peace,1,0,T11
#prayforthephilip,1,0,T11
flooding,1,0,T11
tonight,1,0,T11
mama,1,0,T11
disaster,1,0,T11
#prayforvisayas,1,0,T11
#for,1,0,T11
rest,1,0,T11
subside,1,0,T11
finger,1,0,T11
#prayingforco,1,0,T11
sadden,1,0,T11
#prayfortoronto,1,1,T11
exploitation,1,0,T11
#prayforcolorado,1,1,T11
ppl,1,0,T11
wish,1,0,T11
province,1,0,T11
city,1,0,T11
thank,1,0,T11
time,1,0,T11
mother,1,0,T11
#rescueph,1,1,T11
pass,1,0,T11
imagination,1,0,T11
#highparkfire,1,0,T11
comfort,1,0,T11
door,1,0,T11
cry,1,0,T11
complain,1,0,T11
spirit,1,0,T11
sadness,1,0,T11
#prayforisrael,1,1,T11
#prayforbrazil,1,1,T11
building,1,0,T11
guide,1,0,T11
accident,1,0,T11
need,1,0,T11
#prayforearthquakevictims,1,1,T11
#prayforguatemala,1,1,T11
volunteer,1,0,T11
job,1,0,T11
concern,1,0,T11
#prayforwest,1,1,T11
family,17,1,C01
school,11,1,C01
class,9,1,C01
baby,6,1,C01
kid,5,1,C01
child,5,1,C01
search,2,0,C01
cancel,2,0,C01
start,2,0,C01
tomorrow,2,0,C01
hit,2,0,C01
displace,2,0,C01
national,2,0,C01
rescue,2,0,C01
declare,2,0,C01
student,2,1,C01
hundred,2,0,C01
bear,2,0,C01
friend,1,0,C01
kill,1,0,C01
lesson,1,0,C01
rama,1,0,C01
office,1,0,C01
#floods,1,0,C01
adoption,1,1,C01
recover,1,0,C01
trauma,1,0,C01
milk,1,1,C01
babies'll,1,0,C01
hook,1,0,C01
resume,1,0,C01
cluster,1,0,C01
flood,1,0,C01
kids,1,1,C01
caneled,1,0,C01
reception,1,0,C01
teacher,1,1,C01
extend,1,0,C01
wind,1,0,C01
collapse,1,0,C01
movie,1,0,C01
emergency,1,0,C01
truck,1,0,C01
thousand,1,0,C01
donation,1,0,C01
accept,1,0,C01
#bostonmarathon,1,0,C01
suspend,1,0,C01
nursery,1,1,C01
emano,1,0,C01
team,1,0,C01
suspension,1,0,C01
@savethechildren,1,0,C01
authorities,1,0,C01
haul,1,0,C01
day,1,0,C01
kit,1,0,C01
shelter,1,0,C01
closure,1,0,C01
assistance,1,0,C01
effect,1,0,C01
return,1,0,C01
center,1,0,C01
break,1,0,C01
fertilizer,1,0,C01
sandy,1,0,C01
list,1,0,C01
families/friends,1,0,C01
college,1,1,C01
relief,1,0,C01
football,1,0,C01
tent,1,0,C01
unit,1,0,C01
month,1,0,C01
#rescueph,1,0,C01
advise,1,0,C01
plant,1,0,C01
pine,1,0,C01
debris,1,0,C01
receive,1,0,C01
#highparkfire,1,0,C01
haze,1,0,C01
typhoon,1,0,C01
victim,1,0,C01
donate,1,0,C01
tragedy,1,0,C01
sem,1,0,C01
clear,1,0,C01
food,18,1,C02
pack,4,0,C02
donation,4,0,C02
hospital,3,0,C02
rice,3,1,C02
meal,2,1,C02
#reliefph,2,0,C02
bag,2,0,C02
water,2,1,C02
supply,2,0,C02
donate,2,0,C02
package,2,0,C02
care,1,0,C02
child,1,0,C02
distribute,1,0,C02
mres(meal,1,0,C02
drop,1,0,C02
death,1,0,C02
army,1,0,C02
identify,1,0,C02
biscuit,1,1,C02
tissue,1,1,C02
survival,1,0,C02
bank,1,0,C02
fire,1,0,C02
trap,1,0,C02
packet,1,0,C02
grill,1,0,C02
share,1,0,C02
scavenge,1,0,C02
#rescueph,1,0,C02
family,1,0,C02
donate/distribute,1,0,C02
provide,1,0,C02
run,1,0,C02
good,1,0,C02
service,1,0,C02
buy,1,0,C02
binalot,1,0,C02
work,1,0,C02
pickup,1,0,C02
emergency,1,0,C02
victim,1,0,C02
eat,1,1,C02
shortage,1,0,C02
starve,1,0,C02
beg,1,0,C02
lose,1,0,C02
hospital,13,1,C03
injure,6,1,C03
patient,4,1,C03
food,4,0,C03
cross,4,0,C03
explosion,3,0,C03
service,3,0,C03
emergency,3,0,C03
injury,3,1,C03
dozen,3,0,C03
blood,3,1,C03
haze,3,0,C03
victim,3,0,C03
donate,3,0,C03
problem,2,0,C03
director,2,0,C03
disease,2,1,C03
surgery,2,1,C03
recover,2,1,C03
trauma,2,1,C03
hurt,2,1,C03
flood,2,1,C03
choke,2,1,C03
baby,2,0,C03
doctor,2,1,C03
supplies/prescriptions,2,0,C03
treat,2,1,C03
relief,2,1,C03
rescue,2,1,C03
staff,2,0,C03
unit,2,0,C03
hundred,2,0,C03
west,2,0,C03
nile,1,0,C03
wildfire,1,0,C03
wound,1,1,C03
epidemic,1,1,C03
fall,1,0,C03
breathe,1,1,C03
#earthquake,1,0,C03
search,1,0,C03
#safeandwell,1,0,C03
ache,1,0,C03
#awaran,1,0,C03
highway,1,0,C03
fear,1,0,C03
suffer,1,0,C03
@nocoredcross,1,0,C03
headache,1,1,C03
ton,1,0,C03
bite,1,0,C03
report,1,0,C03
leave,1,0,C03
school,1,0,C03
district,1,0,C03
child,1,0,C03
team,1,0,C03
hypnosis,1,0,C03
official,1,0,C03
@redcrosscebu,1,0,C03
contact,1,0,C03
tonight,1,0,C03
gunshot,1,0,C03
sustain,1,0,C03
fertiliser,1,0,C03
shard,1,0,C03
#redcross,1,0,C03
work,1,0,C03
increase,1,0,C03
dengue,1,1,C03
evacuated/treated,1,0,C03
painkiller,1,1,C03
smoke,1,1,C03
advisory,1,0,C03
hospitalize,1,1,C03
situation,1,0,C03
virus,1,1,C03
ust,1,0,C03
red,1,0,C03
ceo,1,0,C03
effort,1,0,C03
nurse,1,1,C03
communicable,1,0,C03
@redcross,1,1,C03
facility,1,0,C03
camp,1,0,C03
offtake,1,0,C03
storm,1,0,C03
army,1,0,C03
number,1,0,C03
day,1,0,C03
case,1,0,C03
head,1,1,C03
urea,1,0,C03
vaccine,1,1,C03
#reliefph,1,0,C03
assistance,1,0,C03
allergy,1,1,C03
appeal,1,0,C03
cluster,1,0,C03
center,1,0,C03
address,1,0,C03
healthcare,1,1,C03
hit,1,0,C03
carcinogen,1,1,C03
doctor,1,1,C03
wait,1,0,C03
society,1,0,C03
crescent,1,0,C03
#rescueph,1,0,C03
plant,1,0,C03
@philredcross,1,0,C03
pine,1,0,C03
burn,1,0,C03
glass,1,0,C03
provide,1,0,C03
packet,1,0,C03
supply,1,0,C03
capacity,1,0,C03
suck,1,0,C03
run,1,0,C03
aid,1,0,C03
@redcrossdenver,1,0,C03
shortage,1,0,C03
risk,1,0,C03
prevention,1,0,C03
medicine,1,1,C03
road,17,1,C04
strand,14,1,C04
police,12,0,C04
flood,11,0,C04
helicopter,10,1,C04
train,9,1,C04
fire,8,0,C04
crash,7,1,C04
rail,6,1,C04
passenger,6,1,C04
close,5,0,C04
chopper,5,0,C04
car,5,1,C04
area,5,0,C04
bridge,4,1,C04
town,4,0,C04
flight,4,1,C04
vehicle,4,1,C04
oil,4,1,C04
damage,4,0,C04
terminal,4,1,C04
truck,4,1,C04
boat,4,1,C04
aircraft,4,1,C04
evacuate,3,0,C04
roads,3,1,C04
street,3,1,C04
arrival,3,0,C04
traffic,3,1,C04
plane,3,1,C04
resume,3,0,C04
service,3,0,C04
ship,3,1,C04
relief,3,0,C04
night,2,0,C04
travel,2,1,C04
airline,2,1,C04
destroy,2,0,C04
flash,2,0,C04
impact,2,0,C04
hit,2,0,C04
drive,2,1,C04
build,2,0,C04
emergency,2,0,C04
inundate,2,0,C04
closure,2,0,C04
gash,2,0,C04
angeles,2,0,C04
reach,2,0,C04
carry,2,0,C04
land,2,1,C04
wash,2,0,C04
struggle,2,0,C04
cruise,2,1,C04
delay,2,1,C04
cancel,2,0,C04
safety,2,0,C04
suspend,2,1,C04
fly,2,1,C04
metro-north,2,0,C04
community,2,0,C04
access,2,0,C04
aid,2,0,C04
abandon,2,0,C04
army,2,0,C04
operation,2,0,C04
rescue,2,0,C04
shipment,2,1,C04
bus,2,1,C04
open,2,0,C04
dozen,2,0,C04
vessel,2,1,C04
river,2,1,C04
light,2,0,C04
lift,1,0,C04
race,1,0,C04
blade,1,0,C04
speed,1,0,C04
cargo,1,1,C04
call,1,0,C04
#accidents,1,0,C04
landslide,1,0,C04
replace,1,0,C04
coach,1,0,C04
pilgrim,1,0,C04
railway's,1,0,C04
limit,1,0,C04
ferry,1,1,C04
north,1,0,C04
cruiser,1,1,C04
navy,1,1,C04
taxi,1,1,C04
official,1,0,C04
wagon,1,1,C04
inspect,1,0,C04
brigade,1,0,C04
lane,1,1,C04
ops,1,0,C04
halt,1,0,C04
foot-bridge,1,0,C04
pothole,1,0,C04
visibility,1,0,C04
rip,1,0,C04
turn,1,0,C04
engulf,1,0,C04
launch,1,1,C04
semi-trailers,1,0,C04
smoke,1,0,C04
order,1,0,C04
waterway,1,1,C04
search,1,0,C04
devastate,1,0,C04
helicopter,1,1,C04
metro,1,0,C04
suspension,1,0,C04
motorist,1,1,C04
targeted,1,0,C04
rescuer,1,0,C04
yesterday,1,0,C04
commuter,1,1,C04
head,1,0,C04
#reliefph,1,0,C04
submerge,1,0,C04
rock,1,0,C04
rope,1,0,C04
fleet,1,1,C04
airways,1,1,C04
tourist,1,1,C04
derail,1,0,C04
unit,1,0,C04
congestion,1,0,C04
nightmare,1,0,C04
shut,1,0,C04
airstrip,1,1,C04
amtrak,1,1,C04
fracked,1,0,C04
hundred,1,0,C04
dump,1,0,C04
involve,1,0,C04
time,1,0,C04
transportation,1,0,C04
copters,1,1,C04
disaster,1,0,C04
rush,1,0,C04
destruction,1,0,C04
ravage,1,0,C04
row,1,0,C04
enter,1,0,C04
havoc,1,0,C04
arrival/departure,1,0,C04
litre,1,0,C04
highway,1,1,C04
northbound,1,0,C04
fire-fighting,1,0,C04
map,1,0,C04
tear,1,0,C04
leave,1,0,C04
firetrucks,1,1,C04
cement,1,0,C04
rotor,1,0,C04
memorial,1,0,C04
#toflood,1,0,C04
convoy,1,0,C04
spanish,1,0,C04
force,1,0,C04
mile,1,0,C04
explosion,1,0,C04
tomorrow,1,0,C04
wind,1,0,C04
expect,1,0,C04
update,1,0,C04
walkway,1,1,C04
good,1,0,C04
empire,1,0,C04
bike,1,1,C04
costa,1,1,C04
function,1,0,C04
appear,1,0,C04
advisory,1,0,C04
thousand,1,0,C04
block,1,0,C04
tanker,1,0,C04
tsa,1,1,C04
displace,1,0,C04
crack,1,0,C04
ground,1,0,C04
shoot,1,0,C04
station,1,0,C04
haul,1,0,C04
friday,1,0,C04
firefighting,1,0,C04
cut,1,0,C04
chaos,1,0,C04
lax,1,0,C04
send,1,0,C04
cyclist,1,1,C04
lead,1,0,C04
flush,1,0,C04
church,1,0,C04
picture,1,0,C04
departure,1,0,C04
wait,1,0,C04
baggage,1,0,C04
jkia,1,0,C04
carrier,1,0,C04
debris,1,0,C04
agent,1,0,C04
#cofloodrelief,1,0,C04
supply,1,0,C04
queen,1,0,C04
track,1,0,C04
runaway,1,0,C04
eastbound,1,0,C04
victim,1,0,C04
rocket,1,1,C04
winch,1,0,C04
family,1,0,C04
stick,1,0,C04
study,1,0,C04
home,21,0,C05
shelter,10,1,C05
camp,6,1,C05
destroy,5,0,C05
house,4,0,C05
flood,4,0,C05
flee,4,0,C05
housing,4,1,C05
kit,3,0,C05
lose,3,0,C05
offer,2,0,C05
#shelter,2,1,C05
army,2,0,C05
damage,2,0,C05
leave,2,0,C05
force,2,0,C05
team,2,0,C05
tent,2,1,C05
instal,2,0,C05
hundred,2,0,C05
thousand,2,0,C05
allow,1,0,C05
wildfire,1,0,C05
move,1,0,C05
material,1,0,C05
flood-relief,1,0,C05
confirm,1,0,C05
collapse,1,0,C05
shelt,1,1,C05
#earthquake,1,0,C05
rescue,1,0,C05
centre,1,0,C05
fear,1,0,C05
community,1,0,C05
evacuate,1,0,C05
return,1,0,C05
building,1,0,C05
relief,1,0,C05
burn,1,0,C05
inundate,1,0,C05
distribute,1,0,C05
plenty,1,0,C05
threaten,1,0,C05
arrive,1,0,C05
base,1,0,C05
cross,1,0,C05
flash,1,0,C05
receive,1,0,C05
establish,1,0,C05
tunnel,1,0,C05
location,1,0,C05
risk,1,0,C05
wash,1,0,C05
power,1,0,C05
emergency,1,0,C05
victim,1,0,C05
assistance,1,0,C05
resident,1,0,C05
search,1,0,C05
navigator,1,0,C05
flooding,1,0,C05
hotel,1,0,C05
family,1,0,C05
room,1,0,C05
water,20,1,C06
river,6,1,C06
flood,5,0,C06
drink,2,0,C06
order,2,0,C06
pollution,2,1,C06
flush,2,1,C06
food,2,0,C06
release,2,0,C06
filtration,1,1,C06
quality,1,0,C06
#fracking,1,0,C06
sewage,1,1,C06
exceed,1,0,C06
level,1,0,C06
camp,1,0,C06
damage,1,0,C06
sanitation,1,1,C06
infrastructure,1,0,C06
system,1,0,C06
vaccine,1,0,C06
flooding,1,0,C06
material,1,0,C06
electricity,1,0,C06
dry,1,0,C06
usage,1,0,C06
purification,1,1,C06
disposal,1,1,C06
bite,1,0,C06
hit,1,0,C06
flash,1,0,C06
trap,1,0,C06
road,1,0,C06
harvest,1,0,C06
gallon,1,0,C06
mile,1,0,C06
shower,1,0,C06
torrent,1,1,C06
#rescueph,1,0,C06
boil,1,0,C06
reservoir,1,0,C06
recede,1,0,C06
concern,1,0,C06
pond,1,1,C06
converge,1,0,C06
waste,1,0,C06
drinking,1,0,C06
webpage,1,0,C06
supply,1,0,C06
wash,1,0,C06
aid,1,0,C06
restore,1,0,C06
search,1,0,C06
#reliefph,1,0,C06
pollute,1,1,C06
advisory,1,0,C06
rain,1,0,C06
police,47,1,C07
army,29,1,C07
safety,23,1,C07
suspect,12,1,C07
shooter,9,1,C07
lax,9,0,C07
confirm,7,0,C07
search,6,0,C07
official,5,1,C07
helicopter,5,1,C07
fire,5,1,C07
shot,5,1,C07
rescue,5,1,C07
arrest,4,1,C07
rifle,4,1,C07
investigator,4,1,C07
shoot,4,1,C07
investigation,4,1,C07
shooting,3,1,C07
building,3,0,C07
probe,3,1,C07
loot,3,0,C07
officials,3,1,C07
question,3,0,C07
assault,3,1,C07
bomb,3,1,C07
helpline,3,1,C07
officer,3,1,C07
agreement,3,0,C07
gun,3,1,C07
life,3,0,C07
chopper,3,1,C07
operation,3,0,C07
military,3,1,C07
aid,3,1,C07
kill,2,1,C07
exercise,2,0,C07
office,2,0,C07
troop,2,1,C07
escape,2,0,C07
threat,2,1,C07
law,2,1,C07
personnel,2,1,C07
pull,2,0,C07
body,2,0,C07
launch,2,0,C07
rcmp,2,0,C07
rail,2,0,C07
murder,2,1,C07
camp,2,0,C07
earthquake,2,1,C07
friday,2,0,C07
nightclub,2,0,C07
authority,2,0,C07
sheriff,2,1,C07
crash,2,1,C07
motive,2,0,C07
driver,2,0,C07
protect,2,1,C07
car,2,0,C07
place,2,0,C07
rule,2,0,C07
investigators,2,1,C07
fight,2,1,C07
stay,2,0,C07
conference,2,0,C07
tank,2,0,C07
work,2,0,C07
custody,2,1,C07
tsa,2,1,C07
security,2,1,C07
number,2,0,C07
owner,2,0,C07
urge,2,0,C07
source,2,0,C07
victim,2,1,C07
debate,2,0,C07
charge,2,0,C07
killer,2,1,C07
chief,2,1,C07
control,1,0,C07
lift,1,0,C07
point,1,0,C07
agent,1,0,C07
engineer,1,0,C07
night,1,0,C07
wood,1,0,C07
criminal,1,1,C07
device,1,0,C07
sewage,1,0,C07
firearm,1,1,C07
call,1,0,C07
#waldocanyonfire,1,0,C07
toll,1,0,C07
disaster,1,1,C07
bombing,1,1,C07
lawmakers,1,0,C07
save,1,0,C07
dswd,1,0,C07
trooper,1,1,C07
wreak,1,1,C07
fatality,1,1,C07
hold,1,0,C07
indian,1,0,C07
railway's,1,0,C07
safeness,1,1,C07
report,1,0,C07
commissioner,1,0,C07
conduct,1,0,C07
hypnosis,1,0,C07
staff,1,0,C07
threaten,1,1,C07
concern,1,0,C07
raid,1,0,C07
lapd,1,0,C07
spokesperson,1,1,C07
throttle,1,0,C07
havoc,1,1,C07
rampage,1,1,C07
yesterday,1,0,C07
town,1,0,C07
emergency,1,1,C07
firework,1,0,C07
injury,1,1,C07
strand,1,1,C07
inquiry,1,0,C07
respond,1,0,C07
death,1,1,C07
radiation,1,1,C07
child,1,0,C07
chase,1,1,C07
dept,1,0,C07
management,1,0,C07
rise,1,0,C07
level,1,0,C07
oil/gas,1,0,C07
daylight,1,0,C07
congressman,1,0,C07
incident,1,0,C07
alarm,1,1,C07
precaution,1,1,C07
light,1,0,C07
harass,1,1,C07
commando,1,0,C07
group,1,0,C07
male,1,0,C07
snake,1,0,C07
check,1,0,C07
rebel,1,1,C07
terror,1,1,C07
investigate,1,1,C07
preparedness,1,1,C07
press,1,0,C07
margin,1,0,C07
claims,1,0,C07
unit,1,0,C07
keep,1,0,C07
#rescueph,1,0,C07
base,1,0,C07
neutralize,1,0,C07
expedite,1,0,C07
bomb-making,1,0,C07
engage,1,0,C07
briefing,1,0,C07
dress,1,0,C07
land,1,0,C07
general,1,0,C07
story,1,0,C07
hundred,1,0,C07
cop,1,1,C07
access,1,0,C07
offer,1,0,C07
feel,1,0,C07
vehicle,1,0,C07
arson,1,1,C07
rape,1,1,C07
supplement,1,0,C07
safe,1,1,C07
problem,1,0,C07
department,1,0,C07
bos,1,0,C07
request,1,0,C07
hope,1,0,C07
mechanic,1,0,C07
protest,1,1,C07
highway,1,0,C07
recover,1,1,C07
fear,1,1,C07
patient,1,0,C07
fireworks,1,0,C07
foot-bridge,1,0,C07
crowd,1,0,C07
home,1,0,C07
prosecutor,1,1,C07
binding,1,0,C07
service,1,0,C07
gunman,1,1,C07
refinery,1,0,C07
headquarters,1,0,C07
consider,1,0,C07
ban,1,0,C07
convoy,1,0,C07
ax,1,0,C07
zone,1,0,C07
contact,1,0,C07
tonight,1,0,C07
gunship,1,1,C07
terrorize,1,1,C07
expect,1,0,C07
arsonist,1,1,C07
make,1,0,C07
carry,1,0,C07
coroner,1,0,C07
pray,1,0,C07
set,1,0,C07
community,1,0,C07
relative,1,0,C07
attack,1,1,C07
amuay,1,0,C07
truck,1,0,C07
statement,1,0,C07
weather,1,0,C07
girl,1,0,C07
targeted,1,0,C07
tell,1,0,C07
guy,1,0,C07
sprinkler,1,0,C07
#fireworks,1,0,C07
site,1,0,C07
doctor,1,0,C07
gain,1,0,C07
clue,1,0,C07
deadline,1,0,C07
rocket,1,0,C07
detain,1,0,C07
focus,1,0,C07
spill,1,1,C07
lead,1,0,C07
steal,1,1,C07
deploy,1,0,C07
list,1,0,C07
treat,1,0,C07
brazil,1,0,C07
relief,1,0,C07
force,1,0,C07
plan,1,0,C07
burglar,1,1,C07
open,1,0,C07
revolt,1,1,C07
detector,1,0,C07
system,1,0,C07
#keepsafe,1,1,C07
flood-triggered,1,0,C07
caution,1,1,C07
area,1,0,C07
motorcycle,1,0,C07
fuel,1,0,C07
injure,1,1,C07
engagement,1,0,C07
advice,1,0,C07
video,1,0,C07
gannon,1,1,C07
bravery,1,0,C07
award,1,0,C07
locate,1,0,C07
winch,1,0,C07
ordinance,1,0,C07
study,1,0,C07
call,8,0,C08
emergency,8,0,C08
helpline,7,1,C08
number,7,0,C08
flood,6,0,C08
text,6,1,C08
phone,5,1,C08
hotline,5,1,C08
donate,5,0,C08
relief,4,0,C08
operation,3,0,C08
update,3,0,C08
network,3,0,C08
army,3,0,C08
hotlines,3,1,C08
news,2,1,C08
disaster,2,0,C08
database,2,0,C08
police,2,0,C08
message,2,1,C08
contact,2,1,C08
hashtag,2,0,C08
telethon,2,0,C08
tweet,2,1,C08
cut,2,0,C08
#reliefph,2,0,C08
app,2,1,C08
service,2,0,C08
#rescueph,2,0,C08
link,2,0,C08
tv,2,1,C08
need,2,0,C08
coverage,2,0,C08
assistance,2,0,C08
delay,1,0,C08
program,1,0,C08
recovery,1,0,C08
fix,1,0,C08
fiber,1,0,C08
optic,1,0,C08
centre,1,0,C08
connection,1,1,C08
communication,1,1,C08
calls,1,1,C08
broadcast,1,1,C08
mess,1,0,C08
redcross,1,0,C08
resume,1,0,C08
crisis,1,0,C08
nation,1,0,C08
bushfires,1,0,C08
follower,1,0,C08
info,1,0,C08
community,1,0,C08
united,1,0,C08
set,1,0,C08
report,1,0,C08
webpage,1,1,C08
turn,1,0,C08
optus,1,0,C08
response,1,0,C08
view,1,0,C08
retweet,1,1,C08
listen,1,0,C08
stream,1,1,C08
search,1,0,C08
donation,1,0,C08
remember,1,0,C08
request,1,0,C08
pls,1,0,C08
twitter,1,1,C08
mobile,1,1,C08
authorities,1,0,C08
line,1,0,C08
casualty,1,0,C08
data,1,0,C08
chaos,1,0,C08
#shelter,1,0,C08
hospital,1,0,C08
texted,1,0,C08
typhoon,1,0,C08
distress,1,0,C08
money,1,0,C08
rescue,1,0,C08
require,1,0,C08
account,1,0,C08
live,1,0,C08
texting,1,0,C08
compile,1,0,C08
dswd,1,0,C08
bureau,1,0,C08
cross,1,0,C08
center,1,0,C08
iphone,1,1,C08
fundraiser,1,0,C08
channel,1,1,C08
battery,1,0,C08
government,1,0,C08
networking,1,1,C08
pnp,1,0,C08
fema,1,0,C08
